Date,Close
01-01-2019,112.500031
02-01-2019,109.828156
03-01-2019,108.590652
04-01-2019,110.193779
07-01-2019,111.628151
08-01-2019,111.009399
09-01-2019,111.150024
10-01-2019,110.053154
11-01-2019,109.321899
14-01-2019,108.281281
15-01-2019,108.253151
16-01-2019,108.000031
17-01-2019,109.068779
18-01-2019,108.900024
21-01-2019,107.578148
22-01-2019,106.706276
23-01-2019,104.793777
24-01-2019,105.046898
25-01-2019,104.540649
28-01-2019,105.637527
29-01-2019,104.400024
30-01-2019,105.243774
31-01-2019,106.087524
01-02-2019,106.987526
04-02-2019,103.837524
05-02-2019,104.681274
06-02-2019,105.075027
07-02-2019,103.837524
08-02-2019,101.812523
11-02-2019,102.571899
12-02-2019,101.953148
14-02-2019,98.409401
15-02-2019,102.093773
18-02-2019,101.671898
19-02-2019,100.940651
20-02-2019,102.262527
21-02-2019,102.262527
22-02-2019,102.318771
25-02-2019,102.346901
26-02-2019,101.925026
27-02-2019,102.065651
28-02-2019,102.853149
01-03-2019,103.050026
05-03-2019,102.937523
06-03-2019,103.781273
07-03-2019,105.271904
08-03-2019,105.187523
11-03-2019,109.293777
12-03-2019,110.446899
13-03-2019,109.546906
14-03-2019,105.525024
15-03-2019,108.703156
18-03-2019,110.840652
19-03-2019,111.937531
20-03-2019,111.037529
22-03-2019,111.656281
25-03-2019,113.625031
26-03-2019,114.103149
27-03-2019,112.612526
28-03-2019,111.515656
01-04-2019,109.996902
02-04-2019,112.387527
03-04-2019,113.034401
04-04-2019,112.134399
05-04-2019,110.418777
08-04-2019,111.571899
09-04-2019,111.571899
10-04-2019,111.740654
11-04-2019,110.221901
12-04-2019,110.840652
15-04-2019,111.403152
16-04-2019,110.728149
18-04-2019,109.293777
22-04-2019,109.575027
23-04-2019,108.562531
24-04-2019,107.971901
25-04-2019,107.746902
26-04-2019,107.325027
30-04-2019,104.850029
02-05-2019,106.987526
03-05-2019,107.353149
06-05-2019,107.128151
07-05-2019,107.746902
08-05-2019,106.875023
09-05-2019,105.693779
10-05-2019,104.371902
13-05-2019,102.740646
14-05-2019,102.178146
15-05-2019,100.406273
16-05-2019,102.290649
17-05-2019,102.459396
20-05-2019,105.778152
21-05-2019,103.471901
22-05-2019,102.431274
23-05-2019,103.865646
24-05-2019,104.428154
27-05-2019,105.384399
28-05-2019,106.987526
29-05-2019,106.959404
30-05-2019,107.550026
31-05-2019,106.481277
03-06-2019,108.590652
04-06-2019,108.534401
06-06-2019,109.940651
07-06-2019,107.859398
10-06-2019,109.293777
11-06-2019,108.928154
12-06-2019,107.521904
13-06-2019,109.040649
14-06-2019,109.462524
17-06-2019,109.153152
18-06-2019,111.262527
19-06-2019,112.668777
20-06-2019,113.034401
21-06-2019,112.443779
24-06-2019,111.965652
25-06-2019,113.400024
26-06-2019,117.928154
27-06-2019,116.831276
28-06-2019,116.381279
01-07-2019,116.465652
02-07-2019,116.634407
03-07-2019,117.534401
04-07-2019,118.237526
05-07-2019,115.790649
08-07-2019,113.203156
09-07-2019,115.171906
10-07-2019,115.481277
11-07-2019,117.337532
12-07-2019,116.268776
15-07-2019,115.284401
16-07-2019,117.506279
17-07-2019,117.000031
18-07-2019,115.509399
19-07-2019,115.706276
22-07-2019,114.806274
23-07-2019,118.378151
24-07-2019,118.012527
25-07-2019,119.896904
26-07-2019,118.996902
29-07-2019,116.943779
30-07-2019,117.140656
31-07-2019,118.575027
01-08-2019,120.375031
02-08-2019,118.434402
05-08-2019,113.146904
06-08-2019,111.431274
07-08-2019,111.853149
08-08-2019,114.018776
09-08-2019,113.625031
13-08-2019,113.625031
14-08-2019,115.396904
16-08-2019,118.771904
19-08-2019,116.465652
20-08-2019,115.903152
21-08-2019,115.256279
22-08-2019,114.046906
23-08-2019,113.343781
26-08-2019,114.131279
27-08-2019,116.184402
28-08-2019,115.734406
29-08-2019,115.200027
30-08-2019,112.781281
03-09-2019,110.840652
04-09-2019,110.756279
05-09-2019,112.134399
06-09-2019,114.468781
09-09-2019,114.131279
11-09-2019,113.287529
12-09-2019,112.303154
13-09-2019,113.990654
16-09-2019,113.709404
17-09-2019,112.753151
18-09-2019,113.653152
19-09-2019,113.146904
20-09-2019,110.362526
23-09-2019,105.918777
24-09-2019,107.128151
25-09-2019,111.796906
26-09-2019,112.078156
27-09-2019,111.431274
30-09-2019,111.965652
01-10-2019,110.531281
03-10-2019,111.993774
04-10-2019,110.559402
07-10-2019,110.531281
09-10-2019,111.206276
10-10-2019,111.993774
11-10-2019,113.062531
14-10-2019,111.600029
15-10-2019,113.203156
16-10-2019,111.684402
17-10-2019,111.206276
18-10-2019,113.934402
22-10-2019,115.340652
23-10-2019,116.015656
24-10-2019,114.806274
25-10-2019,114.159401
27-10-2019,113.821899
29-10-2019,113.090652
30-10-2019,112.471901
31-10-2019,111.571899
01-11-2019,110.981277
04-11-2019,109.546906
05-11-2019,109.912529
06-11-2019,109.743774
07-11-2019,109.237526
08-11-2019,107.803154
11-11-2019,107.859398
13-11-2019,106.453148
14-11-2019,105.750023
15-11-2019,105.553154
18-11-2019,107.240654
19-11-2019,109.940651
20-11-2019,110.306274
21-11-2019,110.418777
22-11-2019,111.796906
25-11-2019,111.712524
26-11-2019,109.350029
27-11-2019,109.743774
28-11-2019,110.334404
29-11-2019,108.731277
02-12-2019,107.662529
03-12-2019,106.537529
04-12-2019,105.975029
05-12-2019,105.356277
06-12-2019,104.962524
09-12-2019,105.721901
10-12-2019,102.796898
11-12-2019,102.234398
12-12-2019,103.921898
13-12-2019,104.456276
16-12-2019,105.159401
17-12-2019,105.778152
18-12-2019,105.300026
19-12-2019,104.850029
20-12-2019,104.681274
23-12-2019,104.512527
24-12-2019,105.271904
26-12-2019,103.978149
27-12-2019,106.340652
30-12-2019,107.043777
31-12-2019,107.015648
01-01-2020,109.968781
02-01-2020,109.743774
03-01-2020,108.562531
06-01-2020,108.618774
07-01-2020,107.831276
08-01-2020,107.184402
09-01-2020,108.534401
10-01-2020,108.084404
13-01-2020,109.575027
14-01-2020,109.828156
15-01-2020,109.265656
16-01-2020,110.503151
17-01-2020,111.037529
20-01-2020,115.115654
21-01-2020,112.837524
22-01-2020,112.528152
23-01-2020,113.596901
24-01-2020,110.784401
27-01-2020,108.562531
28-01-2020,107.128151
29-01-2020,108.225029
30-01-2020,109.350029
31-01-2020,105.103149
03-02-2020,105.384399
04-02-2020,109.321899
05-02-2020,106.509399
06-02-2020,108.506279
07-02-2020,107.100029
10-02-2020,104.962524
11-02-2020,106.593773
12-02-2020,106.509399
13-02-2020,107.184402
14-02-2020,103.556274
17-02-2020,103.275024
18-02-2020,104.062523
19-02-2020,105.468773
20-02-2020,106.453148
24-02-2020,104.681274
25-02-2020,104.709404
26-02-2020,104.540649
27-02-2020,104.878151
28-02-2020,102.093773
02-03-2020,103.218773
03-03-2020,107.831276
04-03-2020,110.840652
05-03-2020,110.221901
06-03-2020,107.212524
09-03-2020,101.784401
11-03-2020,102.037521
12-03-2020,93.431274
13-03-2020,94.443771
16-03-2020,88.846893
17-03-2020,91.125023
18-03-2020,81.084396
19-03-2020,82.771896
20-03-2020,88.453148
23-03-2020,86.062523
24-03-2020,82.85627
25-03-2020,84.515648
26-03-2020,89.071899
27-03-2020,90.000023
30-03-2020,87.553146
31-03-2020,89.493774
01-04-2020,86.962524
03-04-2020,87.862518
07-04-2020,88.875023
08-04-2020,89.071899
09-04-2020,92.503151
13-04-2020,89.971893
15-04-2020,89.746895
16-04-2020,91.912521
17-04-2020,94.359398
20-04-2020,93.093773
21-04-2020,91.490646
22-04-2020,91.237518
23-04-2020,88.875023
24-04-2020,89.521896
27-04-2020,89.775024
28-04-2020,88.425018
29-04-2020,88.903145
30-04-2020,91.153145
04-05-2020,89.465645
05-05-2020,92.053146
06-05-2020,93.037521
07-05-2020,90.984398
08-05-2020,89.437523
11-05-2020,89.32502
12-05-2020,91.85627
13-05-2020,93.740646
14-05-2020,90.45002
15-05-2020,89.88752
18-05-2020,86.906273
19-05-2020,88.903145
20-05-2020,89.128143
21-05-2020,89.381271
22-05-2020,87.665649
26-05-2020,88.509399
27-05-2020,88.396896
28-05-2020,88.453148
29-05-2020,88.621895
01-06-2020,89.353149
02-06-2020,92.840645
03-06-2020,92.559395
04-06-2020,95.203148
05-06-2020,96.440651
08-06-2020,96.946899
09-06-2020,95.934395
10-06-2020,95.653145
11-06-2020,96.187523
12-06-2020,93.54377
15-06-2020,91.828148
16-06-2020,91.518768
17-06-2020,89.718773
18-06-2020,93.065651
19-06-2020,96.412521
22-06-2020,100.462524
23-06-2020,105.440651
24-06-2020,100.406273
25-06-2020,100.884399
26-06-2020,100.800026
29-06-2020,100.265648
30-06-2020,98.353149
01-07-2020,97.565651
02-07-2020,98.493774
03-07-2020,99.900024
06-07-2020,100.125023
07-07-2020,97.368774
08-07-2020,95.484398
09-07-2020,96.496902
10-07-2020,97.087524
13-07-2020,95.118774
14-07-2020,91.884399
15-07-2020,91.996895
16-07-2020,91.237518
17-07-2020,91.85627
20-07-2020,91.968773
21-07-2020,97.678146
22-07-2020,101.053146
23-07-2020,102.234398
24-07-2020,102.375023
27-07-2020,101.756271
28-07-2020,102.318771
29-07-2020,102.234398
30-07-2020,99.478149
31-07-2020,100.293777
03-08-2020,100.434402
04-08-2020,100.265648
05-08-2020,98.971901
06-08-2020,98.943771
07-08-2020,98.971901
10-08-2020,99.703148
11-08-2020,99.478149
12-08-2020,100.153152
13-08-2020,100.546898
14-08-2020,98.662521
17-08-2020,100.490646
18-08-2020,99.984398
19-08-2020,99.759399
20-08-2020,101.925026
21-08-2020,106.368774
24-08-2020,104.203148
25-08-2020,103.921898
26-08-2020,104.259399
27-08-2020,104.175026
28-08-2020,102.543777
31-08-2020,100.659401
01-09-2020,101.475021
02-09-2020,101.925026
03-09-2020,100.406273
04-09-2020,98.465652
07-09-2020,99.084396
08-09-2020,98.381271
09-09-2020,98.578148
10-09-2020,99.900024
11-09-2020,98.521896
14-09-2020,96.468773
15-09-2020,97.481277
16-09-2020,96.721901
17-09-2020,94.66877
18-09-2020,96.693771
21-09-2020,95.906273
22-09-2020,94.95002
23-09-2020,92.193771
24-09-2020,89.634399
25-09-2020,90.421898
28-09-2020,94.584396
29-09-2020,91.85627
30-09-2020,91.378143
01-10-2020,92.587524
05-10-2020,91.603149
06-10-2020,91.800018
07-10-2020,89.775024
08-10-2020,89.04377
09-10-2020,88.875023
12-10-2020,89.88752
13-10-2020,90.253143
14-10-2020,88.340645
15-10-2020,87.609398
16-10-2020,89.409393
19-10-2020,89.859398
20-10-2020,88.425018
21-10-2020,92.109398
22-10-2020,92.868774
23-10-2020,95.709396
26-10-2020,96.778152
27-10-2020,97.593773
28-10-2020,97.228149
29-10-2020,96.525024
30-10-2020,96.187523
02-11-2020,97.340652
03-11-2020,101.221901
04-11-2020,99.618774
05-11-2020,100.715652
06-11-2020,100.378151
09-11-2020,103.528152
10-11-2020,104.568779
11-11-2020,106.678154
12-11-2020,106.593773
13-11-2020,106.228149
14-11-2020,105.750023
17-11-2020,105.075027
18-11-2020,104.287529
19-11-2020,106.762527
20-11-2020,107.915649
23-11-2020,109.546906
24-11-2020,109.406281
25-11-2020,109.856277
26-11-2020,111.178154
27-11-2020,108.225029
01-12-2020,108.196899
02-12-2020,109.209404
03-12-2020,108.815651
04-12-2020,109.321899
07-12-2020,108.843781
08-12-2020,107.775024
09-12-2020,108.393776
10-12-2020,108.421906
11-12-2020,108.618774
14-12-2020,109.293777
15-12-2020,108.450027
16-12-2020,110.362526
17-12-2020,108.731277
18-12-2020,109.068779
21-12-2020,104.343773
22-12-2020,107.043777
23-12-2020,106.846901
24-12-2020,106.875023
28-12-2020,107.746902
29-12-2020,106.706276
30-12-2020,106.987526
31-12-2020,106.790649
01-01-2021,106.593773
04-01-2021,106.003151
05-01-2021,105.750023
06-01-2021,110.334404
07-01-2021,110.840652
08-01-2021,114.496902
11-01-2021,114.496902
12-01-2021,114.581276
13-01-2021,115.312531
14-01-2021,115.368774
15-01-2021,114.187531
18-01-2021,110.109406
19-01-2021,112.303154
20-01-2021,110.334404
21-01-2021,109.771904
22-01-2021,109.237526
25-01-2021,106.987526
27-01-2021,108.196899
28-01-2021,105.356277
29-01-2021,103.753151
01-02-2021,106.256279
02-02-2021,109.237526
03-02-2021,116.156281
04-02-2021,115.509399
05-02-2021,116.493782
08-02-2021,119.559402
09-02-2021,118.546906
10-02-2021,118.378151
11-02-2021,120.234406
12-02-2021,119.615654
15-02-2021,119.503151
16-02-2021,126.871902
17-02-2021,129.403152
18-02-2021,133.031281
19-02-2021,130.612534
22-02-2021,126.534409
23-02-2021,127.181282
24-02-2021,125.296906
25-02-2021,127.99691
26-02-2021,120.543777
01-03-2021,127.828156
02-03-2021,126.590652
03-03-2021,127.968781
04-03-2021,126.646904
05-03-2021,123.890656
08-03-2021,123.834404
09-03-2021,121.500031
10-03-2021,121.021904
12-03-2021,123.778152
15-03-2021,126.084404
16-03-2021,126.253159
17-03-2021,124.003159
18-03-2021,124.340652
19-03-2021,129.487534
22-03-2021,125.746902
23-03-2021,123.187531
24-03-2021,124.340652
25-03-2021,121.725029
26-03-2021,120.712532
30-03-2021,124.509407
31-03-2021,121.303154
01-04-2021,123.018784
05-04-2021,120.459404
06-04-2021,117.675026
07-04-2021,118.434402
08-04-2021,117.562531
09-04-2021,117.168777
12-04-2021,113.146904
13-04-2021,117.421906
15-04-2021,116.887527
16-04-2021,118.040657
19-04-2021,113.175026
20-04-2021,114.581276
22-04-2021,114.440651
23-04-2021,118.771904
26-04-2021,121.387527
27-04-2021,121.865654
28-04-2021,124.256279
29-04-2021,123.834404
30-04-2021,123.778152
03-05-2021,124.200027
04-05-2021,122.653152
05-05-2021,122.737534
06-05-2021,121.162529
07-05-2021,120.684402
10-05-2021,123.665657
11-05-2021,125.662529
12-05-2021,127.096909
14-05-2021,128.728149
17-05-2021,128.475037
18-05-2021,131.118774
19-05-2021,131.484406
20-05-2021,128.784409
21-05-2021,128.221909
24-05-2021,129.937531
25-05-2021,131.006287
26-05-2021,126.900032
27-05-2021,128.418777
28-05-2021,126.815659
31-05-2021,126.928154
01-06-2021,126.225029
02-06-2021,127.940659
03-06-2021,127.293777
04-06-2021,127.209404
07-06-2021,132.890656
08-06-2021,131.653152
09-06-2021,136.18129
10-06-2021,135.928162
11-06-2021,138.543777
14-06-2021,139.893784
15-06-2021,139.27504
16-06-2021,136.209412
17-06-2021,134.915665
18-06-2021,131.062531
21-06-2021,132.103165
22-06-2021,131.653152
23-06-2021,130.640656
24-06-2021,130.021912
25-06-2021,129.853149
28-06-2021,130.415649
29-06-2021,132.750031
30-06-2021,130.725037
01-07-2021,129.825027
02-07-2021,128.221909
05-07-2021,129.543777
06-07-2021,128.700027
07-07-2021,129.909409
08-07-2021,130.021912
09-07-2021,129.515656
12-07-2021,128.812531
13-07-2021,128.615662
14-07-2021,129.346909
15-07-2021,129.600037
16-07-2021,131.540649
19-07-2021,131.146912
20-07-2021,130.106277
22-07-2021,131.203156
23-07-2021,131.062531
26-07-2021,130.893784
27-07-2021,130.415649
28-07-2021,128.306274
29-07-2021,125.550003
30-07-2021,128.362503
02-08-2021,128.25
03-08-2021,130.837494
04-08-2021,131.4375
05-08-2021,131.399994
06-08-2021,131.25
09-08-2021,132.337494
10-08-2021,129.449997
11-08-2021,132.262497
12-08-2021,140.25
13-08-2021,138.5625
16-08-2021,135.524994
17-08-2021,137.4375
18-08-2021,135.449997
20-08-2021,133.949997
23-08-2021,131.737503
24-08-2021,132.449997
25-08-2021,131.625
26-08-2021,129.824997
27-08-2021,130.762497
30-08-2021,131.625
31-08-2021,131.512497
01-09-2021,131.737503
02-09-2021,131.8125
03-09-2021,131.662506
06-09-2021,130.574997
07-09-2021,129.75
08-09-2021,129.637497
09-09-2021,130.125
13-09-2021,130.425003
14-09-2021,130.574997
15-09-2021,133.425003
16-09-2021,134.587494
17-09-2021,134.100006
20-09-2021,132.75
21-09-2021,131.925003
22-09-2021,132.5625
23-09-2021,133.6875
24-09-2021,132.112503
27-09-2021,132.0
28-09-2021,137.962494
29-09-2021,146.287506
30-09-2021,142.425003
01-10-2021,143.887497
04-10-2021,143.737503
05-10-2021,142.462494
06-10-2021,140.699997
07-10-2021,141.225006
08-10-2021,140.774994
11-10-2021,145.087494
12-10-2021,145.012497
13-10-2021,149.550003
14-10-2021,153.487503
18-10-2021,152.850006
19-10-2021,148.987503
20-10-2021,145.762497
21-10-2021,145.537506
22-10-2021,145.837494
25-10-2021,144.487503
26-10-2021,142.800003
27-10-2021,142.6875
28-10-2021,139.425003
29-10-2021,138.787506
01-11-2021,140.8125
02-11-2021,139.125
03-11-2021,137.962494
04-11-2021,138.787506
08-11-2021,141.862503
09-11-2021,139.912506
10-11-2021,138.300003
11-11-2021,136.612503
12-11-2021,136.5
15-11-2021,141.225006
16-11-2021,140.699997
17-11-2021,143.287506
18-11-2021,144.375
22-11-2021,145.649994
23-11-2021,151.387497
24-11-2021,152.475006
25-11-2021,153.1875
26-11-2021,151.5
29-11-2021,150.1875
30-11-2021,155.0625
01-12-2021,155.399994
02-12-2021,160.875
03-12-2021,154.574997
06-12-2021,151.5
07-12-2021,154.350006
08-12-2021,153.600006
09-12-2021,152.399994
10-12-2021,151.987503
13-12-2021,153.300003
14-12-2021,159.1875
15-12-2021,157.387497
16-12-2021,156.149994
17-12-2021,157.462494
20-12-2021,157.387497
21-12-2021,154.949997
22-12-2021,151.162506
23-12-2021,156.262497
24-12-2021,154.050003
27-12-2021,154.574997
28-12-2021,154.199997
29-12-2021,153.449997
30-12-2021,154.012497
31-12-2021,153.300003
03-01-2022,153.75
04-01-2022,157.949997
05-01-2022,156.487503
06-01-2022,154.462494
07-01-2022,153.899994
10-01-2022,153.0
11-01-2022,152.887497
12-01-2022,153.712494
13-01-2022,156.0
14-01-2022,155.8125
17-01-2022,154.762497
18-01-2022,153.862503
19-01-2022,153.487503
20-01-2022,160.987503
21-01-2022,161.324997
24-01-2022,160.5
25-01-2022,164.137497
27-01-2022,161.137497
28-01-2022,157.649994
31-01-2022,161.550003
01-02-2022,159.712494
02-02-2022,160.5
03-02-2022,158.475006
04-02-2022,157.274994
07-02-2022,160.237503
08-02-2022,157.537506
09-02-2022,157.012497
10-02-2022,159.037506
11-02-2022,155.850006
14-02-2022,151.387497
15-02-2022,152.587494
16-02-2022,147.225006
17-02-2022,147.75
18-02-2022,146.774994
21-02-2022,148.612503
22-02-2022,148.612503
23-02-2022,148.537506
24-02-2022,143.324997
25-02-2022,147.975006
28-02-2022,156.862503
02-03-2022,158.175003
03-03-2022,163.387497
04-03-2022,161.287506
07-03-2022,159.600006
08-03-2022,159.262497
09-03-2022,156.074997
10-03-2022,156.637497
11-03-2022,159.337494
14-03-2022,160.050003
15-03-2022,157.237503
16-03-2022,157.012497
17-03-2022,158.662506
21-03-2022,153.675003
22-03-2022,156.524994
23-03-2022,157.574997
24-03-2022,158.0625
25-03-2022,157.237503
28-03-2022,159.225006
29-03-2022,158.475006
30-03-2022,162.824997
31-03-2022,162.600006
01-04-2022,168.787506
04-04-2022,170.550003
05-04-2022,174.787506
06-04-2022,177.487503
07-04-2022,173.512497
08-04-2022,174.449997
11-04-2022,173.175003
12-04-2022,174.824997
13-04-2022,172.125
18-04-2022,173.324997
19-04-2022,170.887497
20-04-2022,170.25
21-04-2022,170.4375
22-04-2022,169.087494
25-04-2022,167.137497
26-04-2022,173.699997
27-04-2022,171.975006
28-04-2022,176.699997
29-04-2022,170.8125
02-05-2022,173.662506
04-05-2022,178.199997
05-05-2022,175.3125
06-05-2022,178.800003
09-05-2022,183.862503
10-05-2022,182.737503
11-05-2022,179.399994
12-05-2022,176.925003
13-05-2022,177.225006
16-05-2022,176.399994
17-05-2022,178.987503
18-05-2022,170.925003
19-05-2022,171.225006
20-05-2022,171.787506
23-05-2022,168.449997
24-05-2022,170.25
25-05-2022,168.637497
26-05-2022,170.399994
27-05-2022,168.524994
30-05-2022,171.1875
31-05-2022,174.675003
01-06-2022,171.899994
02-06-2022,169.162506
03-06-2022,169.5
06-06-2022,168.600006
07-06-2022,168.75
08-06-2022,168.412506
09-06-2022,168.637497
10-06-2022,168.337494
13-06-2022,166.762497
14-06-2022,167.962494
15-06-2022,166.6875
16-06-2022,162.262497
17-06-2022,158.512497
20-06-2022,156.1875
21-06-2022,157.762497
22-06-2022,157.987503
23-06-2022,156.412506
24-06-2022,156.712494
27-06-2022,158.662506
28-06-2022,157.725006
29-06-2022,158.324997
30-06-2022,158.925003
01-07-2022,154.875
04-07-2022,158.024994
05-07-2022,160.612503
06-07-2022,157.837494
07-07-2022,159.412506
08-07-2022,164.100006
11-07-2022,162.787506
12-07-2022,160.125
13-07-2022,160.837494
14-07-2022,161.137497
15-07-2022,156.975006
18-07-2022,157.6875
19-07-2022,157.5
20-07-2022,156.9375
21-07-2022,159.225006
22-07-2022,157.5
25-07-2022,155.925003
26-07-2022,156.824997
27-07-2022,157.987503
28-07-2022,160.649994
29-07-2022,160.462494
01-08-2022,164.212494
02-08-2022,166.949997
03-08-2022,167.699997
04-08-2022,165.600006
05-08-2022,167.737503
08-08-2022,166.425003
10-08-2022,167.625
11-08-2022,167.137497
12-08-2022,171.037506
16-08-2022,171.637497
17-08-2022,171.375
18-08-2022,173.512497
19-08-2022,171.112503
22-08-2022,169.462494
23-08-2022,170.662506
24-08-2022,172.087494
25-08-2022,169.725006
26-08-2022,172.837494
29-08-2022,170.287506
30-08-2022,172.199997
01-09-2022,169.574997
02-09-2022,168.149994
05-09-2022,167.550003
06-09-2022,168.787506
07-09-2022,168.300003
08-09-2022,168.300003
09-09-2022,167.175003
12-09-2022,167.962494
13-09-2022,170.100006
14-09-2022,174.412506
15-09-2022,178.199997
16-09-2022,176.737503
19-09-2022,174.862503
20-09-2022,174.524994
21-09-2022,170.287506
22-09-2022,165.074997
23-09-2022,151.912506
26-09-2022,150.637497
27-09-2022,153.637497
28-09-2022,155.774994
29-09-2022,156.0
30-09-2022,159.149994
03-10-2022,158.100006
04-10-2022,156.337494
06-10-2022,154.725006
07-10-2022,157.050003
10-10-2022,156.712494
11-10-2022,156.262497
12-10-2022,161.662506
13-10-2022,160.462494
14-10-2022,159.487503
17-10-2022,158.887497
18-10-2022,159.262497
19-10-2022,160.425003
20-10-2022,163.125
21-10-2022,162.975006
24-10-2022,164.137497
25-10-2022,163.875
27-10-2022,167.925003
28-10-2022,170.100006
31-10-2022,171.112503
01-11-2022,176.362503
02-11-2022,174.975006
03-11-2022,171.037506
04-11-2022,169.612503
07-11-2022,171.0
09-11-2022,164.0625
10-11-2022,161.175003
11-11-2022,160.537506
14-11-2022,158.512497
15-11-2022,162.0
16-11-2022,162.824997
17-11-2022,163.725006
18-11-2022,163.762497
21-11-2022,164.287506
22-11-2022,163.350006
23-11-2022,161.362503
24-11-2022,165.5625
25-11-2022,165.449997
28-11-2022,165.975006
29-11-2022,164.512497
30-11-2022,168.0
01-12-2022,166.425003
02-12-2022,164.850006
05-12-2022,166.425003
06-12-2022,167.625
07-12-2022,165.787506
08-12-2022,163.350006
09-12-2022,162.899994
12-12-2022,161.662506
13-12-2022,162.225006
14-12-2022,164.399994
15-12-2022,162.262497
16-12-2022,159.899994
19-12-2022,164.175003
20-12-2022,162.975006
21-12-2022,162.037506
22-12-2022,161.25
23-12-2022,158.4375
26-12-2022,158.887497
27-12-2022,159.487503
28-12-2022,161.8125
29-12-2022,161.8125
30-12-2022,160.274994
02-01-2023,161.287506
03-01-2023,161.699997
04-01-2023,158.287506
05-01-2023,156.600006
06-01-2023,156.074997
09-01-2023,156.824997
10-01-2023,158.850006
11-01-2023,158.962494
12-01-2023,160.125
13-01-2023,160.5
16-01-2023,161.737503
17-01-2023,163.800003
18-01-2023,164.512497
19-01-2023,165.5625
20-01-2023,167.4375
23-01-2023,168.824997
24-01-2023,165.712494
25-01-2023,164.550003
27-01-2023,164.4375
30-01-2023,158.887497
31-01-2023,162.487503
01-02-2023,162.412506
02-02-2023,159.524994
03-02-2023,161.137497
06-02-2023,162.787506
07-02-2023,162.637497
08-02-2023,159.0
09-02-2023,159.637497
10-02-2023,160.574997
13-02-2023,162.0
14-02-2023,161.25
15-02-2023,160.875
16-02-2023,160.949997
17-02-2023,160.350006
20-02-2023,161.850006
21-02-2023,162.899994
22-02-2023,160.987503
23-02-2023,159.9375
24-02-2023,161.287506
27-02-2023,164.399994
28-02-2023,166.6875
01-03-2023,164.175003
02-03-2023,165.262497
03-03-2023,166.574997
06-03-2023,170.362503
08-03-2023,171.037506
09-03-2023,169.350006
10-03-2023,169.912506
13-03-2023,169.574997
14-03-2023,168.899994
15-03-2023,171.225006
16-03-2023,174.112503
17-03-2023,172.274994
20-03-2023,170.625
21-03-2023,167.362503
22-03-2023,168.074997
23-03-2023,166.612503
24-03-2023,166.800003
27-03-2023,165.074997
28-03-2023,166.574997
29-03-2023,166.837494
31-03-2023,169.274994
03-04-2023,168.449997
05-04-2023,169.237503
06-04-2023,168.9375
10-04-2023,171.787506
11-04-2023,173.512497
12-04-2023,170.475006
13-04-2023,173.399994
17-04-2023,177.487503
18-04-2023,172.725006
19-04-2023,172.462494
20-04-2023,173.175003
21-04-2023,173.662506
24-04-2023,173.962494
25-04-2023,174.675003
26-04-2023,178.725006
27-04-2023,176.962494
28-04-2023,177.9375
02-05-2023,180.074997
03-05-2023,179.774994
04-05-2023,179.137497
05-05-2023,180.787506
08-05-2023,183.5625
09-05-2023,182.550003
10-05-2023,185.737503
11-05-2023,186.412506
12-05-2023,181.3125
15-05-2023,182.4375
16-05-2023,180.449997
17-05-2023,179.100006
18-05-2023,176.737503
19-05-2023,175.274994
22-05-2023,175.762497
23-05-2023,175.574997
24-05-2023,176.850006
25-05-2023,178.462494
26-05-2023,177.975006
29-05-2023,175.875
30-05-2023,176.324997
31-05-2023,175.387497
01-06-2023,174.75
02-06-2023,175.949997
05-06-2023,176.699997
06-06-2023,176.475006
07-06-2023,179.399994
08-06-2023,181.237503
09-06-2023,183.675003
12-06-2023,181.237503
13-06-2023,181.6875
14-06-2023,184.875
15-06-2023,184.837494
16-06-2023,184.837494
19-06-2023,182.324997
20-06-2023,186.5625
21-06-2023,193.649994
22-06-2023,190.162506
23-06-2023,187.574997
26-06-2023,186.375
27-06-2023,187.162506
28-06-2023,187.612503
30-06-2023,191.362503
03-07-2023,187.875
04-07-2023,187.199997
05-07-2023,189.9375
06-07-2023,197.024994
07-07-2023,191.587494
10-07-2023,187.5
11-07-2023,190.125
12-07-2023,189.037506
13-07-2023,182.324997
14-07-2023,180.037506
17-07-2023,180.75
18-07-2023,180.862503
19-07-2023,182.4375
20-07-2023,183.1875
21-07-2023,183.074997
24-07-2023,185.587494
25-07-2023,188.362503
26-07-2023,188.25
27-07-2023,188.024994
28-07-2023,193.649994
31-07-2023,199.537506
01-08-2023,188.850006
02-08-2023,186.412506
03-08-2023,186.524994
04-08-2023,185.512497
07-08-2023,185.962494
08-08-2023,181.125
09-08-2023,180.262497
10-08-2023,181.350006
11-08-2023,183.225006
14-08-2023,183.375
16-08-2023,186.037506
17-08-2023,182.774994
18-08-2023,180.75
21-08-2023,185.399994
22-08-2023,185.850006
23-08-2023,187.199997
24-08-2023,184.725006
25-08-2023,181.5
28-08-2023,186.375
29-08-2023,188.362503
30-08-2023,185.324997
31-08-2023,183.412506
01-09-2023,189.149994
04-09-2023,191.550003
05-09-2023,190.725006
06-09-2023,190.875
07-09-2023,192.75
08-09-2023,193.987503
11-09-2023,198.375
12-09-2023,191.300003
13-09-2023,193.199997
14-09-2023,195.149994
15-09-2023,194.100006
18-09-2023,200.100006
20-09-2023,204.649994
21-09-2023,201.600006
22-09-2023,199.149994
25-09-2023,198.899994
26-09-2023,198.350006
27-09-2023,199.350006
28-09-2023,200.75
29-09-2023,199.75
03-10-2023,199.550003
04-10-2023,199.0
05-10-2023,196.600006
06-10-2023,197.050003
09-10-2023,196.25
10-10-2023,197.949997
11-10-2023,198.5
12-10-2023,200.75
13-10-2023,201.800003
16-10-2023,203.050003
17-10-2023,207.149994
18-10-2023,206.5
19-10-2023,205.800003
20-10-2023,202.850006
23-10-2023,199.75
25-10-2023,199.5
26-10-2023,198.949997
27-10-2023,200.949997
30-10-2023,200.850006
31-10-2023,202.149994
01-11-2023,200.949997
02-11-2023,203.100006
03-11-2023,204.399994
06-11-2023,208.199997
07-11-2023,208.0
08-11-2023,207.0
09-11-2023,209.800003
10-11-2023,211.149994
13-11-2023,212.300003
15-11-2023,210.149994
16-11-2023,207.199997
17-11-2023,209.5
20-11-2023,209.300003
21-11-2023,208.949997
22-11-2023,211.600006
23-11-2023,210.899994
24-11-2023,210.449997
28-11-2023,210.199997
29-11-2023,211.050003
30-11-2023,208.949997
01-12-2023,210.199997
04-12-2023,212.899994
05-12-2023,222.300003
06-12-2023,224.399994
07-12-2023,230.0
08-12-2023,228.600006
11-12-2023,230.949997
12-12-2023,231.350006
13-12-2023,236.949997
14-12-2023,232.100006
15-12-2023,237.350006
18-12-2023,231.850006
19-12-2023,233.550003
20-12-2023,227.149994
21-12-2023,232.350006
22-12-2023,231.75
26-12-2023,233.350006
27-12-2023,234.050003
28-12-2023,239.100006
29-12-2023,237.199997
01-01-2024,238.25
02-01-2024,237.850006
03-01-2024,237.050003
04-01-2024,241.449997
05-01-2024,241.25
08-01-2024,242.350006
09-01-2024,242.300003
10-01-2024,239.149994
11-01-2024,241.949997
12-01-2024,239.5
15-01-2024,241.149994
16-01-2024,239.050003
17-01-2024,239.199997
18-01-2024,233.449997
19-01-2024,235.399994
23-01-2024,237.949997
24-01-2024,246.199997
25-01-2024,245.5
29-01-2024,253.949997
30-01-2024,254.100006
31-01-2024,259.299988
01-02-2024,265.799988
02-02-2024,277.100006
05-02-2024,282.899994
06-02-2024,274.25
07-02-2024,267.950012
08-02-2024,276.200012
09-02-2024,273.0
12-02-2024,270.299988
13-02-2024,270.25
14-02-2024,273.649994
15-02-2024,281.649994
16-02-2024,274.549988
19-02-2024,276.350006
20-02-2024,287.899994
21-02-2024,280.100006
22-02-2024,282.600006
23-02-2024,281.950012
26-02-2024,287.799988
27-02-2024,292.5
28-02-2024,279.549988
29-02-2024,282.850006
01-03-2024,287.700012
04-03-2024,294.649994
05-03-2024,295.0
06-03-2024,293.700012
07-03-2024,292.649994
11-03-2024,285.549988
12-03-2024,285.149994
13-03-2024,264.299988
14-03-2024,266.350006
15-03-2024,265.950012
18-03-2024,264.899994
19-03-2024,259.0
20-03-2024,264.649994
21-03-2024,273.75
22-03-2024,275.75
26-03-2024,270.049988
27-03-2024,270.25
28-03-2024,276.899994
